id_agendamento,assunto
4,Aprofundamento teórico
5,Prática de exercícios
6,Aprofundamento teórico
7,Discussão de caso
9,Prática de exercícios
10,Discussão de caso
11,Conteúdo da aula
11,Aprofundamento teórico
13,Aprofundamento teórico
14,Discussão de caso
15,Resolução de problemas
15,Prática de exercícios
17,Conteúdo da aula
17,Discussão de caso
18,Prática de exercícios
18,Resolução de problemas
19,Aprofundamento teórico
20,Resolução de problemas
24,Conteúdo da aula
25,Conteúdo da aula
25,Resolução de problemas
29,Conteúdo da aula
32,Aprofundamento teórico
38,Prática de exercícios
40,Conteúdo da aula
40,Discussão de caso
42,Discussão de caso
43,Discussão de caso
47,Aprofundamento teórico
47,Discussão de caso
56,Aprofundamento teórico
58,Discussão de caso
59,Resolução de problemas
59,Conteúdo da aula
62,Aprofundamento teórico
62,Prática de exercícios
63,Aprofundamento teórico
64,Discussão de caso
64,Prática de exercícios
65,Conteúdo da aula
68,Discussão de caso
68,Resolução de problemas
71,Aprofundamento teórico
76,Conteúdo da aula
80,Discussão de caso
80,Resolução de problemas
82,Conteúdo da aula
84,Aprofundamento teórico
89,Conteúdo da aula
90,Aprofundamento teórico
97,Aprofundamento teórico
97,Resolução de problemas
98,Prática de exercícios
98,Resolução de problemas
