id_agendamento,assunto
1,Introdução ao tema
2,Tópicos avançados
2,Introdução ao tema
3,Tópicos avançados
3,Exercícios de fixação
3,Revisão P1
4,Revisão P1
5,Dúvidas sobre o projeto
5,Tópicos avançados
6,Revisão P1
6,Dúvidas sobre o projeto
6,Tópicos avançados
7,Preparação para a prova final
7,Dúvidas sobre o projeto
7,Revisão P1
8,Dúvidas sobre o projeto
8,Introdução ao tema
9,Preparação para a prova final
9,Dúvidas sobre o projeto
9,Introdução ao tema
10,Introdução ao tema
10,Tópicos avançados
10,Dúvidas sobre o projeto
11,Dúvidas sobre o projeto
11,Preparação para a prova final
11,Tópicos avançados
12,Exercícios de fixação
12,Introdução ao tema
13,Dúvidas sobre o projeto
13,Exercícios de fixação
14,Dúvidas sobre o projeto
15,Exercícios de fixação
16,Dúvidas sobre o projeto
16,Exercícios de fixação
17,Introdução ao tema
18,Tópicos avançados
18,Exercícios de fixação
19,Introdução ao tema
19,Exercícios de fixação
20,Revisão P1
21,Preparação para a prova final
21,Revisão P1
21,Introdução ao tema
22,Dúvidas sobre o projeto
23,Revisão P1
23,Dúvidas sobre o projeto
23,Exercícios de fixação
24,Dúvidas sobre o projeto
24,Revisão P1
25,Exercícios de fixação
25,Revisão P1
25,Preparação para a prova final
26,Dúvidas sobre o projeto
27,Exercícios de fixação
27,Preparação para a prova final
27,Revisão P1
28,Revisão P1
28,Exercícios de fixação
28,Preparação para a prova final
29,Tópicos avançados
29,Introdução ao tema
30,Preparação para a prova final
30,Introdução ao tema
31,Revisão P1
32,Tópicos avançados
33,Dúvidas sobre o projeto
33,Exercícios de fixação
34,Dúvidas sobre o projeto
34,Introdução ao tema
35,Revisão P1
36,Introdução ao tema
36,Revisão P1
36,Preparação para a prova final
37,Exercícios de fixação
37,Preparação para a prova final
37,Introdução ao tema
38,Exercícios de fixação
38,Introdução ao tema
39,Revisão P1
39,Exercícios de fixação
40,Tópicos avançados
40,Preparação para a prova final
40,Revisão P1
41,Exercícios de fixação
42,Dúvidas sobre o projeto
42,Preparação para a prova final
43,Dúvidas sobre o projeto
43,Revisão P1
44,Revisão P1
44,Preparação para a prova final
45,Introdução ao tema
45,Dúvidas sobre o projeto
46,Tópicos avançados
47,Introdução ao tema
47,Preparação para a prova final
47,Dúvidas sobre o projeto
48,Tópicos avançados
48,Exercícios de fixação
49,Preparação para a prova final
50,Exercícios de fixação
51,Preparação para a prova final
51,Dúvidas sobre o projeto
51,Exercícios de fixação
52,Introdução ao tema
52,Dúvidas sobre o projeto
53,Tópicos avançados
54,Preparação para a prova final
55,Revisão P1
55,Dúvidas sobre o projeto
55,Preparação para a prova final
56,Tópicos avançados
56,Revisão P1
56,Introdução ao tema
57,Exercícios de fixação
57,Dúvidas sobre o projeto
58,Dúvidas sobre o projeto
58,Preparação para a prova final
58,Introdução ao tema
59,Dúvidas sobre o projeto
59,Exercícios de fixação
60,Dúvidas sobre o projeto
60,Revisão P1
61,Tópicos avançados
61,Preparação para a prova final
62,Dúvidas sobre o projeto
62,Preparação para a prova final
62,Tópicos avançados
63,Dúvidas sobre o projeto
63,Preparação para a prova final
64,Dúvidas sobre o projeto
65,Revisão P1
65,Tópicos avançados
66,Revisão P1
67,Preparação para a prova final
67,Exercícios de fixação
68,Tópicos avançados
68,Revisão P1
69,Dúvidas sobre o projeto
69,Introdução ao tema
70,Preparação para a prova final
71,Exercícios de fixação
71,Preparação para a prova final
71,Introdução ao tema
72,Revisão P1
72,Introdução ao tema
73,Preparação para a prova final
73,Dúvidas sobre o projeto
73,Exercícios de fixação
74,Introdução ao tema
74,Preparação para a prova final
74,Tópicos avançados
75,Tópicos avançados
75,Introdução ao tema
75,Dúvidas sobre o projeto
76,Introdução ao tema
76,Revisão P1
77,Dúvidas sobre o projeto
77,Tópicos avançados
77,Preparação para a prova final
78,Revisão P1
79,Dúvidas sobre o projeto
79,Preparação para a prova final
80,Tópicos avançados
81,Exercícios de fixação
81,Revisão P1
81,Dúvidas sobre o projeto
82,Introdução ao tema
82,Exercícios de fixação
83,Introdução ao tema
84,Revisão P1
85,Dúvidas sobre o projeto
85,Preparação para a prova final
85,Introdução ao tema
86,Revisão P1
87,Exercícios de fixação
88,Tópicos avançados
88,Exercícios de fixação
89,Preparação para a prova final
90,Dúvidas sobre o projeto
90,Introdução ao tema
90,Revisão P1
91,Exercícios de fixação
92,Exercícios de fixação
93,Exercícios de fixação
94,Preparação para a prova final
94,Exercícios de fixação
94,Introdução ao tema
95,Introdução ao tema
96,Tópicos avançados
97,Preparação para a prova final
97,Dúvidas sobre o projeto
98,Tópicos avançados
98,Exercícios de fixação
99,Revisão P1
100,Introdução ao tema
