id_agendamento,nusp_avaliador,nusp_avaliado,nota,comentario
4,8628,1183,4.9,O tutor demonstrou profundo conhecimento e paciência. Excelente didática!
4,1183,8628,4.7,Aluno participativo e dedicado.
5,1630,1378,4.3,Ajudou-me a subir minha nota na disciplina. Investimento que valeu a pena.
5,1378,1630,4.9,Muito dedicado e com ótimo nível de conhecimento.
6,5322,1644,5.0,O ambiente de aprendizado foi muito acolhedor e produtivo.
6,1644,5322,4.6,Aluno participativo e dedicado.
7,5094,1364,4.5,Extremamente profissional e focado nas minhas necessidades específicas.
7,1364,5094,4.6,Aluno participativo e dedicado.
9,10224,1140,4.1,A aula superou minhas expectativas. Consegui entender o conteúdo complexo.
9,1140,10224,4.8,Pontual e preparado para a sessão.
10,10908,1476,4.5,O ambiente de aprendizado foi muito acolhedor e produtivo.
10,1476,10908,4.8,Aluno participativo e dedicado.
11,8058,1266,4.2,Clareza e objetividade. O material de apoio fornecido foi crucial.
11,1266,8058,5.0,Pontual e preparado para a sessão.
13,4068,1238,4.2,A aula superou minhas expectativas. Consegui entender o conteúdo complexo.
13,1238,4068,4.5,Aluno participativo e dedicado.
14,7260,1308,4.7,Extremamente profissional e focado nas minhas necessidades específicas.
14,1308,7260,4.8,Muito dedicado e com ótimo nível de conhecimento.
15,7032,1210,4.3,O tutor demonstrou profundo conhecimento e paciência. Excelente didática!
15,1210,7032,4.6,Pontual e preparado para a sessão.
17,1420,1097,4.0,Ajudou-me a subir minha nota na disciplina. Investimento que valeu a pena.
17,1097,1420,4.7,Muito dedicado e com ótimo nível de conhecimento.
18,4410,1294,4.3,O tutor demonstrou profundo conhecimento e paciência. Excelente didática!
18,1294,4410,4.7,Pontual e preparado para a sessão.
19,3042,1574,4.2,A aula superou minhas expectativas. Consegui entender o conteúdo complexo.
19,1574,3042,4.8,Muito dedicado e com ótimo nível de conhecimento.
20,1183,1266,4.3,Nota 5! O melhor tutor que já tive na plataforma. Voltarei a agendar.
20,1266,1183,4.9,Aluno participativo e dedicado.
24,1560,1056,4.3,Ajudou-me a subir minha nota na disciplina. Investimento que valeu a pena.
24,1056,1560,4.6,Pontual e preparado para a sessão.
25,4980,1252,4.5,Clareza e objetividade. O material de apoio fornecido foi crucial.
25,1252,4980,4.6,Pontual e preparado para a sessão.
29,8172,1126,4.1,Nota 5! O melhor tutor que já tive na plataforma. Voltarei a agendar.
29,1126,8172,4.6,Pontual e preparado para a sessão.
32,1294,1028,4.4,A aula superou minhas expectativas. Consegui entender o conteúdo complexo.
32,1028,1294,4.9,Aluno participativo e dedicado.
38,2688,1686,4.6,Muito atencioso e pontual. Recomendo fortemente para quem tem dificuldades.
38,1686,2688,4.8,Pontual e preparado para a sessão.
40,11478,1546,4.7,Nota 5! O melhor tutor que já tive na plataforma. Voltarei a agendar.
40,1546,11478,4.6,Muito dedicado e com ótimo nível de conhecimento.
42,1504,1574,4.6,O tutor demonstrou profundo conhecimento e paciência. Excelente didática!
42,1574,1504,4.5,Pontual e preparado para a sessão.
43,11136,1504,4.6,O tutor demonstrou profundo conhecimento e paciência. Excelente didática!
43,1504,11136,4.6,Aluno participativo e dedicado.
47,10680,1350,4.1,A aula superou minhas expectativas. Consegui entender o conteúdo complexo.
47,1350,10680,4.9,Pontual e preparado para a sessão.
56,5892,1028,4.9,Extremamente profissional e focado nas minhas necessidades específicas.
56,1028,5892,4.9,Aluno participativo e dedicado.
58,7374,1294,4.4,O ambiente de aprendizado foi muito acolhedor e produtivo.
58,1294,7374,4.7,Aluno participativo e dedicado.
59,1686,1042,4.1,O tutor demonstrou profundo conhecimento e paciência. Excelente didática!
59,1042,1686,4.8,Pontual e preparado para a sessão.
62,3384,1560,4.1,Ajudou-me a subir minha nota na disciplina. Investimento que valeu a pena.
62,1560,3384,4.7,Muito dedicado e com ótimo nível de conhecimento.
63,3498,2688,4.1,Clareza e objetividade. O material de apoio fornecido foi crucial.
63,2688,3498,4.5,Muito dedicado e com ótimo nível de conhecimento.
64,1015,1546,4.4,Clareza e objetividade. O material de apoio fornecido foi crucial.
64,1546,1015,4.8,Aluno participativo e dedicado.
65,1183,1252,4.3,A aula superou minhas expectativas. Consegui entender o conteúdo complexo.
65,1252,1183,4.6,Pontual e preparado para a sessão.
68,1504,1630,4.1,Muito atencioso e pontual. Recomendo fortemente para quem tem dificuldades.
68,1630,1504,4.8,Muito dedicado e com ótimo nível de conhecimento.
71,4068,2688,4.7,Muito atencioso e pontual. Recomendo fortemente para quem tem dificuldades.
71,2688,4068,4.5,Pontual e preparado para a sessão.
76,3270,1616,2.0,Esperava mais profundidade no assunto. Foi muito superficial.
76,1616,3270,4.5,Aluno participativo e dedicado.
80,1056,1266,2.1,O tutor parecia despreparado para as minhas dúvidas mais específicas.
80,1266,1056,4.7,Muito dedicado e com ótimo nível de conhecimento.
82,1308,1518,4.4,Ajudou-me a subir minha nota na disciplina. Investimento que valeu a pena.
82,1518,1308,4.7,Pontual e preparado para a sessão.
84,1504,1210,4.5,Muito atencioso e pontual. Recomendo fortemente para quem tem dificuldades.
84,1210,1504,4.6,Muito dedicado e com ótimo nível de conhecimento.
89,3042,1210,2.4,Achei o preço um pouco alto pela qualidade da sessão.
89,1210,3042,4.5,Pontual e preparado para a sessão.
90,8856,1083,4.8,A aula superou minhas expectativas. Consegui entender o conteúdo complexo.
90,1083,8856,5.0,Aluno participativo e dedicado.
97,7146,1686,4.2,O ambiente de aprendizado foi muito acolhedor e produtivo.
97,1686,7146,4.8,Muito dedicado e com ótimo nível de conhecimento.
98,4866,1070,4.1,O ambiente de aprendizado foi muito acolhedor e produtivo.
98,1070,4866,4.9,Pontual e preparado para a sessão.
