nusp,pnome,mnome,fnome,email,senha,descricao_perfil,qtd_creditos,curso
1001,Rafael,dos,Santos,rafael.santos@usp.br,7f9a2b,Tutor de Cálculo e Álgebra Linear,117.0,E7622
1015,Mariana,Silva,Costa,mariana.costa@usp.br,3e8d4c,Tutora de Física Experimental,2.0,E7622
1028,Lucas,Pereira,Oliveira,lucas.oliveira@usp.br,9b2f5a,Tutor de Programação Python,2.0,E7622
1042,Ana,Carolina,Souza,ana.souza@usp.br,4d7e1b,Tutora de Química Orgânica,40.0,I5002
1056,Felipe,Augusto,Lima,felipe.lima@usp.br,6a3c8f,Tutor de Estatística,6.0,Z8672
1070,Juliana,Rodrigues,Alves,juliana.alves@usp.br,2f5b9d,Tutora de Biologia Molecular,0.0,M2731
1083,Pedro,Henrique,Martins,pedro.martins@usp.br,8c4e2a,Tutor de Física Quântica,58.0,Z8672
1097,Camila,Fernandes,Silva,camila.silva@usp.br,5d9a3b,Tutora de Inglês Técnico,40.0,F8652
1112,Bruno,de,Carvalho,bruno.carvalho@usp.br,1e6f4c,Tutor de Cálculo Numérico,0.0,F8888
1126,Beatriz,Maria,Ribeiro,beatriz.ribeiro@usp.br,9a7d2e,Tutora de Termodinâmica,0.0,M9574
1140,Thiago,dos,Santos,thiago.santos@usp.br,3c8b5f,Tutor de Algoritmos,114.0,Z8672
1155,Gabriela,Costa,Ferreira,gabriela.ferreira@usp.br,7f2d9a,Tutora de Resistência dos Materiais,0.0,M2731
1169,Diego,Alves,Pereira,diego.pereira@usp.br,4b6e3c,Tutor de Circuitos Elétricos,62.0,F8652
1183,Larissa,Souza,Dias,larissa.dias@usp.br,8d5a2f,Tutora de Microbiologia,40.0,F8652
1197,Gustavo,Silva,Rodrigues,gustavo.rodrigues@usp.br,2e9c6b,Tutor de Mecânica Clássica,4.0,F8682
1210,Amanda,Cristina,Gomes,amanda.gomes@usp.br,6f3a8d,Tutora de Anatomia,4.0,F8888
1224,Rodrigo,Fernandes,Almeida,rodrigo.almeida@usp.br,9b4e7c,Tutor de Banco de Dados,4.0,E1992
1238,Carolina,Beatriz,Cardoso,carolina.cardoso@usp.br,5a8d2f,Tutora de Análise Real,0.0,I850
1252,Vinicius,de,Souza,vinicius.souza@usp.br,1c6f9b,Tutor de Eletrônica Digital,0.0,E7622
1266,Fernanda,Lima,Barbosa,fernanda.barbosa@usp.br,7e2a5d,Tutora de Genética,0.0,I4306
1280,Matheus,Roberto,Santos,matheus.santos@usp.br,4f9c3a,Tutor de Estrutura de Dados,2.0,I4306
1294,Isabela,Ferreira,Costa,isabela.costa@usp.br,8b5d7e,Tutora de Imunologia,120.0,M9574
1308,André,Luiz,Oliveira,andre.oliveira@usp.br,3d7a9f,Tutor de Mecânica dos Fluidos,10.0,F8682
1322,Patricia,dos,Reis,patricia.reis@usp.br,6c2e8b,Tutora de Farmacologia,120.0,M9574
1336,Daniel,Costa,Martins,daniel.martins@usp.br,9f4a6d,Tutor de Sistemas Operacionais,0.0,Z8672
1350,Renata,Silva,Alves,renata.alves@usp.br,2a8c5f,Tutora de Fisiologia,3.0,I850
1364,Marcelo,Augusto,Pereira,marcelo.pereira@usp.br,7d3b9e,Tutor de Redes de Computadores,0.0,I850
1378,Leticia,Fernanda,Lima,leticia.lima@usp.br,5e9f2c,Tutora de Bioquímica,18.0,M825
1392,Ricardo,de,Andrade,ricardo.andrade@usp.br,1b6d8a,Tutor de Compiladores,0.0,M2731
1406,Priscila,Santos,Rocha,priscila.rocha@usp.br,8c5a3f,Tutora de Histologia,40.0,E7771
1420,João,Pedro,Silva,joao.silva@usp.br,4f7e2b,Tutor de Inteligência Artificial,107.0,Z6289
1434,Tatiana,Maria,Souza,tatiana.souza@usp.br,9a2d6c,Tutora de Patologia,50.0,I850
1448,Fábio,Henrique,Costa,fabio.costa@usp.br,3e8b5a,Tutor de Machine Learning,0.0,M9574
1462,Vanessa,Cristina,Santos,vanessa.santos@usp.br,6d4f9e,Tutora de Embriologia,0.0,Z6289
1476,Alexandre,dos,Oliveira,alexandre.oliveira@usp.br,2c7a5b,Tutor de Grafos,1.0,Z8672
1490,Adriana,Silva,Martins,adriana.martins@usp.br,8f3e6d,Tutora de Neurociência,0.0,Z6289
1504,Paulo,Roberto,Lima,paulo.lima@usp.br,5b9c2a,Tutor de Arquitetura de Computadores,142.0,M2731
1518,Monica,Ferreira,Dias,monica.dias@usp.br,1d6a8f,Tutora de Parasitologia,10.0,E7771
1532,Eduardo,Alves,Santos,eduardo.santos@usp.br,7e4b3c,Tutor de Teoria da Computação,4.0,M9574
1546,Aline,dos,Costa,aline.costa@usp.br,4a8f6d,Tutora de Citologia,0.0,I850
1560,Henrique,Silva,Rodrigues,henrique.rodrigues@usp.br,9c2e5b,Tutor de Computação Gráfica,140.0,I850
1574,Natalia,Pereira,Almeida,natalia.almeida@usp.br,3f7d9a,Tutora de Toxicologia,40.0,E7622
1588,Leandro,de,Souza,leandro.souza@usp.br,6b5a2e,Tutor de Otimização,3.0,E1992
1602,Cristiane,Costa,Barbosa,cristiane.barbosa@usp.br,8d9c4f,Tutora de Virologia,0.0,I4306
1616,Guilherme,Augusto,Ferreira,guilherme.ferreira@usp.br,2e6b8a,Tutor de Segurança da Informação,20.0,F8682
1630,Simone,Maria,Santos,simone.santos@usp.br,5a3f7d,Tutora de Bacteriologia,0.0,M9574
1644,Victor,dos,Oliveira,victor.oliveira@usp.br,9f7e2c,Tutor de Visão Computacional,20.0,I850
1658,Debora,Silva,Lima,debora.lima@usp.br,4c8a6b,Tutora de Hematologia,0.0,E7771
1672,Anderson,Pereira,Costa,anderson.costa@usp.br,7b4d9e,Tutor de Processamento de Linguagem Natural,0.0,F8888
1686,Elaine,Fernandes,Santos,elaine.santos@usp.br,3a9f5c,Tutora de Oncologia,0.0,M2731
2688,Carlos,Eduardo,Alves,carlos.alves@usp.br,5a3c7f,Aluno cursando Engenharia,0.0,F8652
3042,Joana,da,Silva,joana.silva@usp.br,8d2f9b,Aluna de Biologia,110.0,I5002
3156,Roberto,Carlos,Mendes,roberto.mendes@usp.br,2f6a8c,Aluno de Computação,28.0,F8652
3270,Silvia,Regina,Pinto,silvia.pinto@usp.br,9b5e3d,Aluna de Medicina,0.0,I4306
3384,Fernando,dos,Santos,fernando.santos@usp.br,4c7f2a,Aluno de Física,6.0,E7771
3498,Patricia,Moreira,Costa,patricia.costa@usp.br,7e9a5b,Aluna de Química,6.0,F8652
3612,Marcos,Antonio,Lima,marcos.lima@usp.br,1d8c6f,Aluno de Matemática,0.0,F8652
3726,Claudia,Fernanda,Rocha,claudia.rocha@usp.br,6f2d9a,Aluna de Engenharia Civil,0.0,Z6289
3840,Sergio,Augusto,Silva,sergio.silva@usp.br,9a4e7c,Aluno de Administração,0.0,F8888
3954,Rosana,dos,Oliveira,rosana.oliveira@usp.br,3c8b5f,Aluna de Psicologia,0.0,Z8672
4068,Luciano,Pereira,Santos,luciano.santos@usp.br,8f6d2a,Aluno de Arquitetura,0.0,E7771
4182,Helena,Silva,Costa,helena.costa@usp.br,2b9e4d,Aluna de Direito,20.0,F8682
4296,Renato,dos,Alves,renato.alves@usp.br,5d3a8f,Aluno de Economia,0.0,F8652
4410,Sonia,Maria,Barbosa,sonia.barbosa@usp.br,9e7c2b,Aluna de Enfermagem,0.0,E7622
4524,Walter,Costa,Santos,walter.santos@usp.br,4f8a6d,Aluno de Farmácia,0.0,E7622
4638,Vera,Lucia,Ferreira,vera.ferreira@usp.br,7c2e9b,Aluna de Veterinária,0.0,M825
4752,Edson,de,Souza,edson.souza@usp.br,1a6f8d,Aluno de Odontologia,80.0,E1992
4866,Marcia,Cristina,Lima,marcia.lima@usp.br,6d9c3a,Aluna de Nutrição,0.0,E7622
4980,Nelson,Augusto,Costa,nelson.costa@usp.br,9b4f7e,Aluno de Educação Física,0.0,E7771
5094,Denise,dos,Santos,denise.santos@usp.br,3e8a5c,Aluna de Fisioterapia,196.0,I4306
5208,Antonio,Carlos,Oliveira,antonio.oliveira@usp.br,8c5d2f,Aluno de Jornalismo,0.0,I5002
5322,Sandra,Regina,Silva,sandra.silva@usp.br,2f7b9a,Aluna de Publicidade,0.0,I850
5436,Jorge,Luiz,Pereira,jorge.pereira@usp.br,7a4e6d,Aluno de Design,0.0,M2731
5550,Adriane,Fernanda,Costa,adriane.costa@usp.br,5d9c3b,Aluna de Ciências Sociais,40.0,I850
5664,Luis,Fernando,Santos,luis.santos@usp.br,1c6a8f,Aluno de História,0.0,Z8672
5778,Elizabeth,da,Silva,elizabeth.silva@usp.br,9f3e7c,Aluna de Geografia,50.0,I4306
5892,Miguel,dos,Alves,miguel.alves@usp.br,4b8d5a,Aluno de Filosofia,120.0,M9574
6006,Terezinha,Maria,Lima,terezinha.lima@usp.br,8e2f9d,Aluna de Letras,0.0,E7622
6120,Francisco,de,Souza,francisco.souza@usp.br,3a7c6b,Aluno de Pedagogia,0.0,Z8672
6234,Margareth,Silva,Costa,margareth.costa@usp.br,6c9e4f,Aluna de Artes,0.0,E1992
6348,Ronaldo,Augusto,Santos,ronaldo.santos@usp.br,2d5a8c,Aluno de Música,0.0,F8682
6462,Sueli,dos,Oliveira,sueli.oliveira@usp.br,9b6f3e,Aluna de Teatro,0.0,I4306
6576,Ademir,Pereira,Silva,ademir.silva@usp.br,5e8c2a,Aluno de Relações Internacionais,40.0,I850
6690,Celia,Fernanda,Lima,celia.lima@usp.br,1f9d7b,Aluna de Turismo,0.0,F8888
6804,Mauro,dos,Costa,mauro.costa@usp.br,8a4e6c,Aluno de Gastronomia,20.0,I5002
6918,Ivone,Maria,Santos,ivone.santos@usp.br,4c7a9f,Aluna de Agronomia,0.0,I5002
7032,Alcides,Silva,Alves,alcides.alves@usp.br,9d5e2b,Aluno de Zootecnia,0.0,E1992
7146,Neusa,da,Oliveira,neusa.oliveira@usp.br,3b8f6d,Aluna de Engenharia Elétrica,0.0,M825
7260,Valdir,dos,Pereira,valdir.pereira@usp.br,7e2c9a,Aluno de Engenharia Mecânica,0.0,M2731
7374,Cleusa,Costa,Santos,cleusa.santos@usp.br,2a6d8f,Aluna de Engenharia Química,38.0,M825
7488,Oswaldo,de,Silva,oswaldo.silva@usp.br,6f9c4b,Aluno de Engenharia de Produção,16.0,F8652
7602,Nilza,Maria,Lima,nilza.lima@usp.br,9c3e7a,Aluna de Ciência da Computação,0.0,I850
7716,Sebastião,dos,Costa,sebastiao.costa@usp.br,5d8a2f,Aluno de Sistemas de Informação,10.0,M2731
7830,Eunice,Silva,Santos,eunice.santos@usp.br,1e6c9b,Aluna de Análise de Sistemas,94.0,I850
7944,Benedito,Augusto,Alves,benedito.alves@usp.br,8f4a7d,Aluno de Gestão de TI,0.0,E7771
8058,Dirce,dos,Oliveira,dirce.oliveira@usp.br,4b9e6c,Aluna de Geologia,0.0,Z8672
8172,Domingos,Pereira,Silva,domingos.silva@usp.br,9a2f8d,Aluno de Meteorologia,40.0,Z6289
8286,Odete,Maria,Costa,odete.costa@usp.br,3c7e5b,Aluna de Oceanografia,0.0,I4306
8400,Geraldo,dos,Santos,geraldo.santos@usp.br,7d5a9f,Aluno de Astronomia,0.0,E7771
8514,Zilda,Silva,Lima,zilda.lima@usp.br,2f8c6a,Aluna de Biotecnologia,47.0,E7771
8628,Aparecido,de,Alves,aparecido.alves@usp.br,6e9d4b,Aluno de Nanotecnologia,0.0,F8888
8742,Genoveva,Costa,Santos,genoveva.santos@usp.br,1a5f8c,Aluna de Engenharia Ambiental,20.0,F8682
8856,Lindomar,dos,Silva,lindomar.silva@usp.br,9c6e3d,Aluno de Gestão Ambiental,0.0,Z8672
8970,Nair,Fernanda,Oliveira,nair.oliveira@usp.br,5b8a7f,Aluna de Ciências Atuariais,0.0,M2731
9084,Expedito,Pereira,Costa,expedito.costa@usp.br,8d2c9e,Aluno de Estatística,140.0,F8888
9198,Zuleika,Maria,Santos,zuleika.santos@usp.br,4e7f5a,Aluna de Matemática Aplicada,0.0,I850
9312,Odilon,dos,Lima,odilon.lima@usp.br,9a3d6b,Aluno de Física Médica,110.0,Z6289
9426,Alzira,Silva,Alves,alzira.alves@usp.br,3f9c8e,Aluna de Biomedicina,140.0,M825
9540,Adalberto,de,Santos,adalberto.santos@usp.br,7c5a2d,Aluno de Fonoaudiologia,140.0,E1992
9654,Nilda,Costa,Silva,nilda.silva@usp.br,2e8f6b,Aluna de Terapia Ocupacional,0.0,Z6289
9768,Waldemar,dos,Oliveira,waldemar.oliveira@usp.br,6a4d9c,Aluno de Radiologia,100.0,Z6289
9882,Conceição,Maria,Lima,conceicao.lima@usp.br,9d7e3f,Aluna de Estética e Cosmética,0.0,M825
9996,Hermínio,Silva,Costa,herminio.costa@usp.br,5c2a8b,Aluno de Hotelaria,6.0,F8888
10110,Lurdes,dos,Santos,lurdes.santos@usp.br,1f6d9e,Aluna de Eventos,0.0,I850
10224,Arlindo,Pereira,Alves,arlindo.alves@usp.br,8b9c5a,Aluno de Marketing,50.0,F8682
10338,Carmem,da,Silva,carmem.silva@usp.br,4d7a3f,Aluna de Recursos Humanos,20.0,I850
10452,Humberto,dos,Costa,humberto.costa@usp.br,9e5c2b,Aluno de Logística,0.0,E7622
10566,Nilce,Maria,Santos,nilce.santos@usp.br,3a8f6d,Aluna de Comércio Exterior,100.0,E7622
10680,Petrônio,Silva,Lima,petronio.lima@usp.br,7c2e9a,Aluno de Contabilidade,60.0,I850
10794,Benedita,dos,Oliveira,benedita.oliveira@usp.br,2d6b8f,Aluna de Ciências Econômicas,0.0,M825
10908,Genésio,Augusto,Costa,genesio.costa@usp.br,6f9a4c,Aluno de Finanças,0.0,F8652
11022,Josefa,Silva,Santos,josefa.santos@usp.br,9c3d7e,Aluna de Auditoria,0.0,F8652
11136,Saturnino,dos,Alves,saturnino.alves@usp.br,5e8b2a,Aluno de Gestão Pública,200.0,E1992
11250,Noemia,Maria,Lima,noemia.lima@usp.br,1a6f9d,Aluna de Serviço Social,0.0,Z6289
11364,Raimundo,de,Silva,raimundo.silva@usp.br,8d5c3b,Aluno de Ciências Políticas,0.0,I4306
11478,Dalva,Costa,Santos,dalva.santos@usp.br,4f9e7a,Aluna de Antropologia,0.0,I4306
