nusp_denunciador,nusp_alvo,motivo,status,criada_em
5778,8172,Não compareceu ao agendamento confirmado,em_analise,2024-10-06 06:32:30
3270,1378,Atrasos recorrentes e falta de comunicação,fechada,2024-07-06 06:23:38
4410,4980,Comportamento ofensivo e desrespeitoso,aberta,2024-01-10 13:32:26
1028,1294,Propaganda enganosa sobre a qualificação,aberta,2025-08-09 12:28:48
1028,8058,Assédio moral no chat,fechada,2024-09-21 19:12:23
11364,6120,Quebra de sigilo de informações pessoais,aberta,2025-09-28 00:47:07
1308,9540,Quebra de sigilo de informações pessoais,em_analise,2024-06-11 13:57:14
7716,1630,Não compareceu ao agendamento confirmado,aberta,2024-09-27 02:54:03
7032,7830,Propaganda enganosa sobre a qualificação,em_analise,2024-01-22 00:38:31
3042,1183,Não compareceu ao agendamento confirmado,aberta,2024-11-11 16:01:35
4524,1056,Comportamento ofensivo e desrespeitoso,em_analise,2024-04-27 15:33:28
1448,8514,Não compareceu ao agendamento confirmado,aberta,2025-05-23 14:05:22
3612,1083,Conteúdo da aula inadequado,em_analise,2025-01-27 16:13:42
1644,3156,Conteúdo da aula inadequado,em_analise,2024-02-09 09:06:27
3384,9198,Propaganda enganosa sobre a qualificação,aberta,2025-10-04 21:42:49
