codigo,nome
D001P0C,Algebra Linear
D0028EA,Anatomia Humana
D003BNM,Banco de Dados
D004VOP,Calculo I
D005HJ6,Computação Gráfica
D006BNO,Contabilidade
D007UYO,Direito
D008ZMR,Ecologia
D009GR2,Econometria
D010UBA,Estatistica Aplicada
D011TUN,Estruturas de Dados
D012MND,Fisica I
D013M1W,Fisiologia
D014IQ9,Gestão de Projetos
D015ZD3,Inteligência Artificial
D016HQ0,Introducao a Programacao
D017PHB,Machine Learning
D018OYR,Marketing Digital
D0194U2,Microeconomia
D0208NN,Nutricao
D021C0J,Otimização
D0220NQ,Patologia
D023X22,Processamento de Linguagem Natural
D024BBG,Psicologia Organizacional
D025EF6,Quimica Organica
D026P2H,Redes de Computadores
D027HMK,Segurança da Informação
D028ASK,Sistemas Operacionais
D029ORO,Termodinamica
D03053M,Visão Computacional
D031K47,Zootecnia Basica
